<?xml version="1.0" encoding="UTF-8"?>
<!DOCTYPE generatorConfiguration
        PUBLIC "-//mybatis.org//DTD MyBatis Generator Configuration 1.0//EN"
        "http://mybatis.org/dtd/mybatis-generator-config_1_0.dtd">

<generatorConfiguration>   
    <classPathEntry location="/Users/mac-book/m2/repository/mysql/mysql-connector-java/5.1.35/mysql-connector-java-5.1.35.jar"/>
    <!--<classPathEntry location="H:\\repo\\ojdbc\\ojdbc-11g\\14\\ojdbc-11g-14.jar"/>-->
    <context id="lha" targetRuntime="MyBatis3">

        <plugin type="org.mybatis.generator.plugins.EqualsHashCodePlugin"></plugin>
        <plugin type="org.mybatis.generator.plugins.SerializablePlugin"></plugin>
        <plugin type="org.mybatis.generator.plugins.ToStringPlugin"></plugin>


        <commentGenerator>
            <!-- 这个元素用来去除指定生成的注释中是否包含生成的日期 false:表示保护 -->
            <!-- 如果生成日期，会造成即使修改一个字段，整个实体类所有属性都会发生变化，不利于版本控制，所以设置为true -->
            <property name="suppressDate" value="false"/>
            <!-- 是否去除自动生成的注释 true：是 ： false:否 -->
            <property name="suppressAllComments" value="true"/>
        </commentGenerator>

        <!--数据库链接URL，用户名、密码 -->
        <jdbcConnection driverClass="com.mysql.jdbc.Driver"
                        connectionURL="jdbc:mysql://116.196.112.144:3306/publicpay"
        				userId="publicpay"
                        password="1234567"/>
        <javaTypeResolver>
            <!-- This property is used to specify whether MyBatis Generator should force 
                the use of java.math.BigDecimal for DECIMAL and NUMERIC fields, -->
            <property name="forceBigDecimals" value="false" />
        </javaTypeResolver>

        <!-- 生成模型的包名和位置 -->
        <javaModelGenerator targetPackage="com.publicpay.account.beans.bo"
                            targetProject="src/main/java">
            <property name="enableSubPackages" value="true"/>
            <property name="trimStrings" value="true"/>
        </javaModelGenerator>

        <!-- 生成映射文件的包名和位置 -->
        <sqlMapGenerator targetPackage="dbmap"
                         targetProject="src/main/resources">
            <property name="enableSubPackages" value="true"/>
        </sqlMapGenerator>

        <!-- 生成DAO的包名和位置 -->
        <javaClientGenerator targetPackage="com.publicpay.account.mapper"
                             targetProject="src/main/java" type="XMLMAPPER">
            <property name="enableSubPackages" value="true"/>
        </javaClientGenerator>

        <!-- 要生成哪些表 -->
        <table tableName="ACCOUNT_JPUSHID" domainObjectName="AccountJpushId" enableCountByExample="false"
               enableUpdateByExample="false" enableDeleteByExample="false" enableSelectByExample="false" selectByExampleQueryId="false">
            <generatedKey column="id" sqlStatement="Mysql"/>
        </table>

        <!-- 要生成哪些表 -->
        <table tableName="JPUSH_MSG" domainObjectName="JpushMsg" enableCountByExample="false"
               enableUpdateByExample="false" enableDeleteByExample="false" enableSelectByExample="false" selectByExampleQueryId="false">
            <generatedKey column="id" sqlStatement="Mysql"/>
        </table>

        <!-- 要生成哪些表 -->
        <table tableName="MSG_GROUP" domainObjectName="MsgGroup" enableCountByExample="false"
               enableUpdateByExample="false" enableDeleteByExample="false" enableSelectByExample="false" selectByExampleQueryId="false">
            <generatedKey column="id" sqlStatement="Mysql"/>
        </table>
        
    </context>
</generatorConfiguration>