<?xml version="1.0" encoding="UTF-8" ?>
<!DOCTYPE mapper PUBLIC "-//mybatis.org//DTD Mapper 3.0//EN" "http://mybatis.org/dtd/mybatis-3-mapper.dtd" >
<mapper namespace="com.publicpay.account.mapper.AccountJpushIdMapper" >
  <resultMap id="BaseResultMap" type="com.publicpay.account.beans.bo.AccountJpushId" >
    <result column="ID" property="id" jdbcType="VARCHAR" />
    <result column="ACCOUNT_NO" property="accountNo" jdbcType="VARCHAR" />
    <result column="JPUSH_ID" property="jpushId" jdbcType="VARCHAR" />
    <result column="APP" property="app" jdbcType="VARCHAR" />
    <result column="APP_SYSTEM" property="appSystem" jdbcType="VARCHAR" />
    <result column="CREATE_TIME" property="createTime" jdbcType="TIMESTAMP" />
    <result column="UPDATE_TIME" property="updateTime" jdbcType="TIMESTAMP" />
    <result column="STATUS" property="status" jdbcType="VARCHAR" />
    <result column="VERSION" property="version" jdbcType="BIGINT" />
  </resultMap>
  <insert id="insert" parameterType="com.publicpay.account.beans.bo.AccountJpushId" >
    <selectKey resultType="java.lang.String" keyProperty="id" order="BEFORE" >
      SELECT LAST_INSERT_ID()
    </selectKey>
    insert into ACCOUNT_JPUSHID (ID, ACCOUNT_NO, JPUSH_ID, 
      APP, APP_SYSTEM, CREATE_TIME, 
      UPDATE_TIME, STATUS, VERSION
      )
    values (#{id,jdbcType=VARCHAR}, #{accountNo,jdbcType=VARCHAR}, #{jpushId,jdbcType=VARCHAR}, 
      #{app,jdbcType=VARCHAR}, #{appSystem,jdbcType=VARCHAR}, #{createTime,jdbcType=TIMESTAMP}, 
      #{updateTime,jdbcType=TIMESTAMP}, #{status,jdbcType=VARCHAR}, #{version,jdbcType=BIGINT}
      )
  </insert>
  <insert id="insertSelective" parameterType="com.publicpay.account.beans.bo.AccountJpushId" >
    <selectKey resultType="java.lang.String" keyProperty="id" order="BEFORE" >
      SELECT LAST_INSERT_ID()
    </selectKey>
    insert into ACCOUNT_JPUSHID
    <trim prefix="(" suffix=")" suffixOverrides="," >
      ID,
      <if test="accountNo != null" >
        ACCOUNT_NO,
      </if>
      <if test="jpushId != null" >
        JPUSH_ID,
      </if>
      <if test="app != null" >
        APP,
      </if>
      <if test="appSystem != null" >
        APP_SYSTEM,
      </if>
      <if test="createTime != null" >
        CREATE_TIME,
      </if>
      <if test="updateTime != null" >
        UPDATE_TIME,
      </if>
      <if test="status != null" >
        STATUS,
      </if>
      <if test="version != null" >
        VERSION,
      </if>
    </trim>
    <trim prefix="values (" suffix=")" suffixOverrides="," >
      #{id,jdbcType=VARCHAR},
      <if test="accountNo != null" >
        #{accountNo,jdbcType=VARCHAR},
      </if>
      <if test="jpushId != null" >
        #{jpushId,jdbcType=VARCHAR},
      </if>
      <if test="app != null" >
        #{app,jdbcType=VARCHAR},
      </if>
      <if test="appSystem != null" >
        #{appSystem,jdbcType=VARCHAR},
      </if>
      <if test="createTime != null" >
        #{createTime,jdbcType=TIMESTAMP},
      </if>
      <if test="updateTime != null" >
        #{updateTime,jdbcType=TIMESTAMP},
      </if>
      <if test="status != null" >
        #{status,jdbcType=VARCHAR},
      </if>
      <if test="version != null" >
        #{version,jdbcType=BIGINT},
      </if>
    </trim>
  </insert>
</mapper>