<?xml version="1.0" encoding="UTF-8" ?>
<!DOCTYPE mapper PUBLIC "-//mybatis.org//DTD Mapper 3.0//EN" "http://mybatis.org/dtd/mybatis-3-mapper.dtd" >
<mapper namespace="com.publicpay.account.mapper.JpushMsgMapper" >
  <resultMap id="BaseResultMap" type="com.publicpay.account.beans.bo.JpushMsg" >
    <id column="ID" property="id" jdbcType="VARCHAR" />
    <result column="ACCOUNT_NO" property="accountNo" jdbcType="VARCHAR" />
    <result column="APP" property="app" jdbcType="VARCHAR" />
    <result column="JPUSH_ID" property="jpushId" jdbcType="VARCHAR" />
    <result column="MSG_GROUP" property="msgGroup" jdbcType="VARCHAR" />
    <result column="PRODUCT" property="product" jdbcType="VARCHAR" />
    <result column="PRIORITY" property="priority" jdbcType="VARCHAR" />
    <result column="TITLE" property="title" jdbcType="VARCHAR" />
    <result column="PUSH_BAR_TXT" property="pushBarTxt" jdbcType="VARCHAR" />
    <result column="CENTER_SHOW" property="centerShow" jdbcType="TINYINT" />
    <result column="PLAN_TIME" property="planTime" jdbcType="TIMESTAMP" />
    <result column="PLAN_OKTIME" property="planOktime" jdbcType="TIMESTAMP" />
    <result column="SEND_STATUS" property="sendStatus" jdbcType="VARCHAR" />
    <result column="FAIL_REASON" property="failReason" jdbcType="VARCHAR" />
    <result column="SEND_TIME" property="sendTime" jdbcType="TIMESTAMP" />
    <result column="READ_STATUS" property="readStatus" jdbcType="VARCHAR" />
    <result column="ANNOUNCE_ID" property="announceId" jdbcType="BIGINT" />
    <result column="REDIRECT_PARAMS" property="redirectParams" jdbcType="VARCHAR" />
    <result column="CREATE_TIME" property="createTime" jdbcType="TIMESTAMP" />
    <result column="CREATE_USER" property="createUser" jdbcType="VARCHAR" />
    <result column="UPDATE_USER" property="updateUser" jdbcType="VARCHAR" />
    <result column="UPDATE_TIME" property="updateTime" jdbcType="TIMESTAMP" />
    <result column="VERSION" property="version" jdbcType="BIGINT" />
  </resultMap>
  <resultMap id="ResultMapWithBLOBs" type="com.publicpay.account.beans.bo.JpushMsg" extends="BaseResultMap" >
    <result column="CONTENT_TXT" property="contentTxt" jdbcType="LONGVARCHAR" />
  </resultMap>
  <sql id="Base_Column_List" >
    ID, ACCOUNT_NO, APP, JPUSH_ID, MSG_GROUP, PRODUCT, PRIORITY, TITLE, PUSH_BAR_TXT, 
    CENTER_SHOW, PLAN_TIME, PLAN_OKTIME, SEND_STATUS, FAIL_REASON, SEND_TIME, READ_STATUS, 
    ANNOUNCE_ID, REDIRECT_PARAMS, CREATE_TIME, CREATE_USER, UPDATE_USER, UPDATE_TIME, 
    VERSION
  </sql>
  <sql id="Blob_Column_List" >
    CONTENT_TXT
  </sql>
  <select id="selectByPrimaryKey" resultMap="ResultMapWithBLOBs" parameterType="java.lang.String" >
    select 
    <include refid="Base_Column_List" />
    ,
    <include refid="Blob_Column_List" />
    from JPUSH_MSG
    where ID = #{id,jdbcType=VARCHAR}
  </select>
  <delete id="deleteByPrimaryKey" parameterType="java.lang.String" >
    delete from JPUSH_MSG
    where ID = #{id,jdbcType=VARCHAR}
  </delete>
  <insert id="insert" parameterType="com.publicpay.account.beans.bo.JpushMsg" >
    <selectKey resultType="java.lang.String" keyProperty="id" order="BEFORE" >
      SELECT LAST_INSERT_ID()
    </selectKey>
    insert into JPUSH_MSG (ID, ACCOUNT_NO, APP, 
      JPUSH_ID, MSG_GROUP, PRODUCT, 
      PRIORITY, TITLE, PUSH_BAR_TXT, 
      CENTER_SHOW, PLAN_TIME, PLAN_OKTIME, 
      SEND_STATUS, FAIL_REASON, SEND_TIME, 
      READ_STATUS, ANNOUNCE_ID, REDIRECT_PARAMS, 
      CREATE_TIME, CREATE_USER, UPDATE_USER, 
      UPDATE_TIME, VERSION, CONTENT_TXT
      )
    values (#{id,jdbcType=VARCHAR}, #{accountNo,jdbcType=VARCHAR}, #{app,jdbcType=VARCHAR}, 
      #{jpushId,jdbcType=VARCHAR}, #{msgGroup,jdbcType=VARCHAR}, #{product,jdbcType=VARCHAR}, 
      #{priority,jdbcType=VARCHAR}, #{title,jdbcType=VARCHAR}, #{pushBarTxt,jdbcType=VARCHAR}, 
      #{centerShow,jdbcType=TINYINT}, #{planTime,jdbcType=TIMESTAMP}, #{planOktime,jdbcType=TIMESTAMP}, 
      #{sendStatus,jdbcType=VARCHAR}, #{failReason,jdbcType=VARCHAR}, #{sendTime,jdbcType=TIMESTAMP}, 
      #{readStatus,jdbcType=VARCHAR}, #{announceId,jdbcType=BIGINT}, #{redirectParams,jdbcType=VARCHAR}, 
      #{createTime,jdbcType=TIMESTAMP}, #{createUser,jdbcType=VARCHAR}, #{updateUser,jdbcType=VARCHAR}, 
      #{updateTime,jdbcType=TIMESTAMP}, #{version,jdbcType=BIGINT}, #{contentTxt,jdbcType=LONGVARCHAR}
      )
  </insert>
  <insert id="insertSelective" parameterType="com.publicpay.account.beans.bo.JpushMsg" >
    <selectKey resultType="java.lang.String" keyProperty="id" order="BEFORE" >
      SELECT LAST_INSERT_ID()
    </selectKey>
    insert into JPUSH_MSG
    <trim prefix="(" suffix=")" suffixOverrides="," >
      ID,
      <if test="accountNo != null" >
        ACCOUNT_NO,
      </if>
      <if test="app != null" >
        APP,
      </if>
      <if test="jpushId != null" >
        JPUSH_ID,
      </if>
      <if test="msgGroup != null" >
        MSG_GROUP,
      </if>
      <if test="product != null" >
        PRODUCT,
      </if>
      <if test="priority != null" >
        PRIORITY,
      </if>
      <if test="title != null" >
        TITLE,
      </if>
      <if test="pushBarTxt != null" >
        PUSH_BAR_TXT,
      </if>
      <if test="centerShow != null" >
        CENTER_SHOW,
      </if>
      <if test="planTime != null" >
        PLAN_TIME,
      </if>
      <if test="planOktime != null" >
        PLAN_OKTIME,
      </if>
      <if test="sendStatus != null" >
        SEND_STATUS,
      </if>
      <if test="failReason != null" >
        FAIL_REASON,
      </if>
      <if test="sendTime != null" >
        SEND_TIME,
      </if>
      <if test="readStatus != null" >
        READ_STATUS,
      </if>
      <if test="announceId != null" >
        ANNOUNCE_ID,
      </if>
      <if test="redirectParams != null" >
        REDIRECT_PARAMS,
      </if>
      <if test="createTime != null" >
        CREATE_TIME,
      </if>
      <if test="createUser != null" >
        CREATE_USER,
      </if>
      <if test="updateUser != null" >
        UPDATE_USER,
      </if>
      <if test="updateTime != null" >
        UPDATE_TIME,
      </if>
      <if test="version != null" >
        VERSION,
      </if>
      <if test="contentTxt != null" >
        CONTENT_TXT,
      </if>
    </trim>
    <trim prefix="values (" suffix=")" suffixOverrides="," >
      #{id,jdbcType=VARCHAR},
      <if test="accountNo != null" >
        #{accountNo,jdbcType=VARCHAR},
      </if>
      <if test="app != null" >
        #{app,jdbcType=VARCHAR},
      </if>
      <if test="jpushId != null" >
        #{jpushId,jdbcType=VARCHAR},
      </if>
      <if test="msgGroup != null" >
        #{msgGroup,jdbcType=VARCHAR},
      </if>
      <if test="product != null" >
        #{product,jdbcType=VARCHAR},
      </if>
      <if test="priority != null" >
        #{priority,jdbcType=VARCHAR},
      </if>
      <if test="title != null" >
        #{title,jdbcType=VARCHAR},
      </if>
      <if test="pushBarTxt != null" >
        #{pushBarTxt,jdbcType=VARCHAR},
      </if>
      <if test="centerShow != null" >
        #{centerShow,jdbcType=TINYINT},
      </if>
      <if test="planTime != null" >
        #{planTime,jdbcType=TIMESTAMP},
      </if>
      <if test="planOktime != null" >
        #{planOktime,jdbcType=TIMESTAMP},
      </if>
      <if test="sendStatus != null" >
        #{sendStatus,jdbcType=VARCHAR},
      </if>
      <if test="failReason != null" >
        #{failReason,jdbcType=VARCHAR},
      </if>
      <if test="sendTime != null" >
        #{sendTime,jdbcType=TIMESTAMP},
      </if>
      <if test="readStatus != null" >
        #{readStatus,jdbcType=VARCHAR},
      </if>
      <if test="announceId != null" >
        #{announceId,jdbcType=BIGINT},
      </if>
      <if test="redirectParams != null" >
        #{redirectParams,jdbcType=VARCHAR},
      </if>
      <if test="createTime != null" >
        #{createTime,jdbcType=TIMESTAMP},
      </if>
      <if test="createUser != null" >
        #{createUser,jdbcType=VARCHAR},
      </if>
      <if test="updateUser != null" >
        #{updateUser,jdbcType=VARCHAR},
      </if>
      <if test="updateTime != null" >
        #{updateTime,jdbcType=TIMESTAMP},
      </if>
      <if test="version != null" >
        #{version,jdbcType=BIGINT},
      </if>
      <if test="contentTxt != null" >
        #{contentTxt,jdbcType=LONGVARCHAR},
      </if>
    </trim>
  </insert>
  <update id="updateByPrimaryKeySelective" parameterType="com.publicpay.account.beans.bo.JpushMsg" >
    update JPUSH_MSG
    <set >
      <if test="accountNo != null" >
        ACCOUNT_NO = #{accountNo,jdbcType=VARCHAR},
      </if>
      <if test="app != null" >
        APP = #{app,jdbcType=VARCHAR},
      </if>
      <if test="jpushId != null" >
        JPUSH_ID = #{jpushId,jdbcType=VARCHAR},
      </if>
      <if test="msgGroup != null" >
        MSG_GROUP = #{msgGroup,jdbcType=VARCHAR},
      </if>
      <if test="product != null" >
        PRODUCT = #{product,jdbcType=VARCHAR},
      </if>
      <if test="priority != null" >
        PRIORITY = #{priority,jdbcType=VARCHAR},
      </if>
      <if test="title != null" >
        TITLE = #{title,jdbcType=VARCHAR},
      </if>
      <if test="pushBarTxt != null" >
        PUSH_BAR_TXT = #{pushBarTxt,jdbcType=VARCHAR},
      </if>
      <if test="centerShow != null" >
        CENTER_SHOW = #{centerShow,jdbcType=TINYINT},
      </if>
      <if test="planTime != null" >
        PLAN_TIME = #{planTime,jdbcType=TIMESTAMP},
      </if>
      <if test="planOktime != null" >
        PLAN_OKTIME = #{planOktime,jdbcType=TIMESTAMP},
      </if>
      <if test="sendStatus != null" >
        SEND_STATUS = #{sendStatus,jdbcType=VARCHAR},
      </if>
      <if test="failReason != null" >
        FAIL_REASON = #{failReason,jdbcType=VARCHAR},
      </if>
      <if test="sendTime != null" >
        SEND_TIME = #{sendTime,jdbcType=TIMESTAMP},
      </if>
      <if test="readStatus != null" >
        READ_STATUS = #{readStatus,jdbcType=VARCHAR},
      </if>
      <if test="announceId != null" >
        ANNOUNCE_ID = #{announceId,jdbcType=BIGINT},
      </if>
      <if test="redirectParams != null" >
        REDIRECT_PARAMS = #{redirectParams,jdbcType=VARCHAR},
      </if>
      <if test="createTime != null" >
        CREATE_TIME = #{createTime,jdbcType=TIMESTAMP},
      </if>
      <if test="createUser != null" >
        CREATE_USER = #{createUser,jdbcType=VARCHAR},
      </if>
      <if test="updateUser != null" >
        UPDATE_USER = #{updateUser,jdbcType=VARCHAR},
      </if>
      <if test="updateTime != null" >
        UPDATE_TIME = #{updateTime,jdbcType=TIMESTAMP},
      </if>
      <if test="version != null" >
        VERSION = #{version,jdbcType=BIGINT},
      </if>
      <if test="contentTxt != null" >
        CONTENT_TXT = #{contentTxt,jdbcType=LONGVARCHAR},
      </if>
    </set>
    where ID = #{id,jdbcType=VARCHAR}
  </update>
  <update id="updateByPrimaryKeyWithBLOBs" parameterType="com.publicpay.account.beans.bo.JpushMsg" >
    update JPUSH_MSG
    set ACCOUNT_NO = #{accountNo,jdbcType=VARCHAR},
      APP = #{app,jdbcType=VARCHAR},
      JPUSH_ID = #{jpushId,jdbcType=VARCHAR},
      MSG_GROUP = #{msgGroup,jdbcType=VARCHAR},
      PRODUCT = #{product,jdbcType=VARCHAR},
      PRIORITY = #{priority,jdbcType=VARCHAR},
      TITLE = #{title,jdbcType=VARCHAR},
      PUSH_BAR_TXT = #{pushBarTxt,jdbcType=VARCHAR},
      CENTER_SHOW = #{centerShow,jdbcType=TINYINT},
      PLAN_TIME = #{planTime,jdbcType=TIMESTAMP},
      PLAN_OKTIME = #{planOktime,jdbcType=TIMESTAMP},
      SEND_STATUS = #{sendStatus,jdbcType=VARCHAR},
      FAIL_REASON = #{failReason,jdbcType=VARCHAR},
      SEND_TIME = #{sendTime,jdbcType=TIMESTAMP},
      READ_STATUS = #{readStatus,jdbcType=VARCHAR},
      ANNOUNCE_ID = #{announceId,jdbcType=BIGINT},
      REDIRECT_PARAMS = #{redirectParams,jdbcType=VARCHAR},
      CREATE_TIME = #{createTime,jdbcType=TIMESTAMP},
      CREATE_USER = #{createUser,jdbcType=VARCHAR},
      UPDATE_USER = #{updateUser,jdbcType=VARCHAR},
      UPDATE_TIME = #{updateTime,jdbcType=TIMESTAMP},
      VERSION = #{version,jdbcType=BIGINT},
      CONTENT_TXT = #{contentTxt,jdbcType=LONGVARCHAR}
    where ID = #{id,jdbcType=VARCHAR}
  </update>
  <update id="updateByPrimaryKey" parameterType="com.publicpay.account.beans.bo.JpushMsg" >
    update JPUSH_MSG
    set ACCOUNT_NO = #{accountNo,jdbcType=VARCHAR},
      APP = #{app,jdbcType=VARCHAR},
      JPUSH_ID = #{jpushId,jdbcType=VARCHAR},
      MSG_GROUP = #{msgGroup,jdbcType=VARCHAR},
      PRODUCT = #{product,jdbcType=VARCHAR},
      PRIORITY = #{priority,jdbcType=VARCHAR},
      TITLE = #{title,jdbcType=VARCHAR},
      PUSH_BAR_TXT = #{pushBarTxt,jdbcType=VARCHAR},
      CENTER_SHOW = #{centerShow,jdbcType=TINYINT},
      PLAN_TIME = #{planTime,jdbcType=TIMESTAMP},
      PLAN_OKTIME = #{planOktime,jdbcType=TIMESTAMP},
      SEND_STATUS = #{sendStatus,jdbcType=VARCHAR},
      FAIL_REASON = #{failReason,jdbcType=VARCHAR},
      SEND_TIME = #{sendTime,jdbcType=TIMESTAMP},
      READ_STATUS = #{readStatus,jdbcType=VARCHAR},
      ANNOUNCE_ID = #{announceId,jdbcType=BIGINT},
      REDIRECT_PARAMS = #{redirectParams,jdbcType=VARCHAR},
      CREATE_TIME = #{createTime,jdbcType=TIMESTAMP},
      CREATE_USER = #{createUser,jdbcType=VARCHAR},
      UPDATE_USER = #{updateUser,jdbcType=VARCHAR},
      UPDATE_TIME = #{updateTime,jdbcType=TIMESTAMP},
      VERSION = #{version,jdbcType=BIGINT}
    where ID = #{id,jdbcType=VARCHAR}
  </update>
</mapper>