<?xml version="1.0" encoding="UTF-8" ?>
<!DOCTYPE mapper PUBLIC "-//mybatis.org//DTD Mapper 3.0//EN" "http://mybatis.org/dtd/mybatis-3-mapper.dtd" >
<mapper namespace="com.publicpay.account.mapper.MsgGroupMapper" >
  <resultMap id="BaseResultMap" type="com.publicpay.account.beans.bo.MsgGroup" >
    <id column="ID" property="id" jdbcType="VARCHAR" />
    <result column="APP" property="app" jdbcType="VARCHAR" />
    <result column="GROUP_CODE" property="groupCode" jdbcType="VARCHAR" />
    <result column="GROUP_NAME" property="groupName" jdbcType="VARCHAR" />
    <result column="APP_SYSTEM" property="appSystem" jdbcType="VARCHAR" />
    <result column="PRIORITY" property="priority" jdbcType="VARCHAR" />
    <result column="STATUS" property="status" jdbcType="VARCHAR" />
    <result column="CREATE_TIME" property="createTime" jdbcType="TIMESTAMP" />
    <result column="CREATE_USER" property="createUser" jdbcType="VARCHAR" />
    <result column="UPDATE_USER" property="updateUser" jdbcType="VARCHAR" />
    <result column="UPDATE_TIME" property="updateTime" jdbcType="TIMESTAMP" />
    <result column="VERSION" property="version" jdbcType="BIGINT" />
  </resultMap>
  <sql id="Base_Column_List" >
    ID, APP, GROUP_CODE, GROUP_NAME, APP_SYSTEM, PRIORITY, STATUS, CREATE_TIME, CREATE_USER, 
    UPDATE_USER, UPDATE_TIME, VERSION
  </sql>
  <select id="selectByPrimaryKey" resultMap="BaseResultMap" parameterType="java.lang.String" >
    select 
    <include refid="Base_Column_List" />
    from MSG_GROUP
    where ID = #{id,jdbcType=VARCHAR}
  </select>
  <delete id="deleteByPrimaryKey" parameterType="java.lang.String" >
    delete from MSG_GROUP
    where ID = #{id,jdbcType=VARCHAR}
  </delete>
  <insert id="insert" parameterType="com.publicpay.account.beans.bo.MsgGroup" >
    <selectKey resultType="java.lang.String" keyProperty="id" order="BEFORE" >
      SELECT LAST_INSERT_ID()
    </selectKey>
    insert into MSG_GROUP (ID, APP, GROUP_CODE, 
      GROUP_NAME, APP_SYSTEM, PRIORITY, 
      STATUS, CREATE_TIME, CREATE_USER, 
      UPDATE_USER, UPDATE_TIME, VERSION
      )
    values (#{id,jdbcType=VARCHAR}, #{app,jdbcType=VARCHAR}, #{groupCode,jdbcType=VARCHAR}, 
      #{groupName,jdbcType=VARCHAR}, #{appSystem,jdbcType=VARCHAR}, #{priority,jdbcType=VARCHAR}, 
      #{status,jdbcType=VARCHAR}, #{createTime,jdbcType=TIMESTAMP}, #{createUser,jdbcType=VARCHAR}, 
      #{updateUser,jdbcType=VARCHAR}, #{updateTime,jdbcType=TIMESTAMP}, #{version,jdbcType=BIGINT}
      )
  </insert>
  <insert id="insertSelective" parameterType="com.publicpay.account.beans.bo.MsgGroup" >
    <selectKey resultType="java.lang.String" keyProperty="id" order="BEFORE" >
      SELECT LAST_INSERT_ID()
    </selectKey>
    insert into MSG_GROUP
    <trim prefix="(" suffix=")" suffixOverrides="," >
      ID,
      <if test="app != null" >
        APP,
      </if>
      <if test="groupCode != null" >
        GROUP_CODE,
      </if>
      <if test="groupName != null" >
        GROUP_NAME,
      </if>
      <if test="appSystem != null" >
        APP_SYSTEM,
      </if>
      <if test="priority != null" >
        PRIORITY,
      </if>
      <if test="status != null" >
        STATUS,
      </if>
      <if test="createTime != null" >
        CREATE_TIME,
      </if>
      <if test="createUser != null" >
        CREATE_USER,
      </if>
      <if test="updateUser != null" >
        UPDATE_USER,
      </if>
      <if test="updateTime != null" >
        UPDATE_TIME,
      </if>
      <if test="version != null" >
        VERSION,
      </if>
    </trim>
    <trim prefix="values (" suffix=")" suffixOverrides="," >
      #{id,jdbcType=VARCHAR},
      <if test="app != null" >
        #{app,jdbcType=VARCHAR},
      </if>
      <if test="groupCode != null" >
        #{groupCode,jdbcType=VARCHAR},
      </if>
      <if test="groupName != null" >
        #{groupName,jdbcType=VARCHAR},
      </if>
      <if test="appSystem != null" >
        #{appSystem,jdbcType=VARCHAR},
      </if>
      <if test="priority != null" >
        #{priority,jdbcType=VARCHAR},
      </if>
      <if test="status != null" >
        #{status,jdbcType=VARCHAR},
      </if>
      <if test="createTime != null" >
        #{createTime,jdbcType=TIMESTAMP},
      </if>
      <if test="createUser != null" >
        #{createUser,jdbcType=VARCHAR},
      </if>
      <if test="updateUser != null" >
        #{updateUser,jdbcType=VARCHAR},
      </if>
      <if test="updateTime != null" >
        #{updateTime,jdbcType=TIMESTAMP},
      </if>
      <if test="version != null" >
        #{version,jdbcType=BIGINT},
      </if>
    </trim>
  </insert>
  <update id="updateByPrimaryKeySelective" parameterType="com.publicpay.account.beans.bo.MsgGroup" >
    update MSG_GROUP
    <set >
      <if test="app != null" >
        APP = #{app,jdbcType=VARCHAR},
      </if>
      <if test="groupCode != null" >
        GROUP_CODE = #{groupCode,jdbcType=VARCHAR},
      </if>
      <if test="groupName != null" >
        GROUP_NAME = #{groupName,jdbcType=VARCHAR},
      </if>
      <if test="appSystem != null" >
        APP_SYSTEM = #{appSystem,jdbcType=VARCHAR},
      </if>
      <if test="priority != null" >
        PRIORITY = #{priority,jdbcType=VARCHAR},
      </if>
      <if test="status != null" >
        STATUS = #{status,jdbcType=VARCHAR},
      </if>
      <if test="createTime != null" >
        CREATE_TIME = #{createTime,jdbcType=TIMESTAMP},
      </if>
      <if test="createUser != null" >
        CREATE_USER = #{createUser,jdbcType=VARCHAR},
      </if>
      <if test="updateUser != null" >
        UPDATE_USER = #{updateUser,jdbcType=VARCHAR},
      </if>
      <if test="updateTime != null" >
        UPDATE_TIME = #{updateTime,jdbcType=TIMESTAMP},
      </if>
      <if test="version != null" >
        VERSION = #{version,jdbcType=BIGINT},
      </if>
    </set>
    where ID = #{id,jdbcType=VARCHAR}
  </update>
  <update id="updateByPrimaryKey" parameterType="com.publicpay.account.beans.bo.MsgGroup" >
    update MSG_GROUP
    set APP = #{app,jdbcType=VARCHAR},
      GROUP_CODE = #{groupCode,jdbcType=VARCHAR},
      GROUP_NAME = #{groupName,jdbcType=VARCHAR},
      APP_SYSTEM = #{appSystem,jdbcType=VARCHAR},
      PRIORITY = #{priority,jdbcType=VARCHAR},
      STATUS = #{status,jdbcType=VARCHAR},
      CREATE_TIME = #{createTime,jdbcType=TIMESTAMP},
      CREATE_USER = #{createUser,jdbcType=VARCHAR},
      UPDATE_USER = #{updateUser,jdbcType=VARCHAR},
      UPDATE_TIME = #{updateTime,jdbcType=TIMESTAMP},
      VERSION = #{version,jdbcType=BIGINT}
    where ID = #{id,jdbcType=VARCHAR}
  </update>
</mapper>